"","P","M","Replicate","m_meanleng","m_sdleng","p_meanleng","p_sdleng","Exposure date","Mortality date","Spore count date","Pasteuria spore count 1","Pasteuria spore count 2","Pasteuria spore count 3","Avg Pasteuria spore load at death (spores/mL)","Metschnikowia spore count 1","Metschnikowia spore count 2","Metschnikowia spore count 3","Avg Metsch spore load at death (spores/mL)","Comments","lifespan.day"
"1",0,1000,"A",56.7731504251807,4.4679327712118,0,0,2018-01-23 05:00:00,2018-02-05 05:00:00,2018-03-29 00:00:00,0,"0","0",0,57,"65","77",663333.333333333,"0",19
"2",0,1000,"B",59.1161072352058,1.43392096529807,0,0,2018-01-23 05:00:00,2018-02-06 05:00:00,2018-04-11 00:00:00,0,"0","0",0,51,"55","93",663333.333333333,"0",20
"3",0,1000,"C",57.2022830693177,2.63755862662159,0,0,2018-01-23 05:00:00,2018-02-09 05:00:00,2018-05-04 00:00:00,0,"0","0",0,59,"58","67",613333.333333333,"0",23
"4",0,1000,"D",57.0447022753481,4.31118855709926,0,0,2018-01-23 05:00:00,2018-02-09 05:00:00,2018-11-12 05:00:00,0,"0","0",0,84,"73","112",896666.666666667,"0",23
"5",0,2000,"A",53.8057306998487,1.66312984615408,0,0,2018-01-23 05:00:00,2018-02-02 05:00:00,2018-03-22 00:00:00,0,"0","0",0,24,"33","22",263333.333333333,"0",16
"6",0,2000,"B",57.8061919673008,2.5525364576177,0,0,2018-01-23 05:00:00,2018-02-05 05:00:00,2018-03-29 00:00:00,0,"0","0",0,51,"65","101",723333.333333333,"0",19
"7",0,2000,"C",57.3462606381332,4.98254744114866,0,0,2018-01-23 05:00:00,2018-02-08 05:00:00,2018-04-27 00:00:00,0,"0","0",0,94,"87","80",870000,"0",22
"8",0,2000,"D",58.2439364907616,1.98917794599374,0,0,2018-01-23 05:00:00,2018-02-08 05:00:00,2018-04-27 00:00:00,0,"0","0",0,94,"76","76",820000,"0",22
"9",0,2000,"E",54.5418219096738,3.83731673613427,0,0,2018-01-23 05:00:00,2018-02-09 05:00:00,2018-07-18 00:00:00,0,"0","0",0,70,"44","77",636666.666666667,"0",23
"10",0,250,"A",54.8857420515543,5.40748669160923,0,0,2018-01-23 05:00:00,2018-02-03 05:00:00,2018-03-28 00:00:00,0,"NA","NA",0,23,"NA","NA",230000,"only 1 count bc the majority of sample was lost due to pipetting error",17
"11",0,5,"B",53.9196943340249,1.22854912623573,0,0,2018-01-23 05:00:00,2018-02-08 05:00:00,2018-04-26 00:00:00,0,"0","0",0,143,"145","101",1296666.66666667,"0",22
"12",0,5,"C",60.9270484159902,1.80622919786618,0,0,2018-01-23 05:00:00,2018-02-08 05:00:00,2018-04-26 00:00:00,0,"0","0",0,69,"62","53",613333.333333333,"0",22
"13",0,50,"B",58.1762785515358,3.22468505395439,0,0,2018-01-23 05:00:00,2018-02-06 05:00:00,2018-04-11 00:00:00,0,"0","0",0,84,"77","105",886666.666666667,"0",20
"14",0,50,"C",57.7105233545618,2.51982516079889,0,0,2018-01-23 05:00:00,2018-02-12 05:00:00,2018-11-26 05:00:00,0,"0","0",0,112,"96","116",1080000,"0",26
"15",0,500,"A",49.4903083380808,6.92059106356592,0,0,2018-01-23 05:00:00,2018-02-02 05:00:00,2018-03-22 00:00:00,0,"0","0",0,14,"6","15",116666.666666667,"0",16
"16",0,500,"B",55.1298322782418,3.78436069662173,0,0,2018-01-23 05:00:00,2018-02-03 05:00:00,2018-03-28 00:00:00,0,"0","0",0,58,"52","53",543333.333333333,"0",17
"17",0,500,"C",60.193007352205,5.50334767972986,0,0,2018-01-23 05:00:00,2018-02-08 05:00:00,2018-04-26 00:00:00,0,"0","0",0,62,"67","57",620000,"0",22
"18",0,500,"D",57.2859985900886,2.64150050789159,0,0,2018-01-23 05:00:00,2018-02-09 05:00:00,2018-11-29 05:00:00,0,"0","0",0,158,"133","106",1323333.33333333,"0",23
"19",0,500,"E",57.1250645254146,2.64889957633179,0,0,2018-01-23 05:00:00,2018-02-09 05:00:00,2018-11-29 05:00:00,0,"0","0",0,80,"85","61",753333.333333333,"0",23
"20",0,500,"F",58.8554591065593,3.0102960823524,0,0,2018-01-23 05:00:00,2018-02-10 05:00:00,2018-07-17 00:00:00,0,"0","0",0,121,"117","168",1353333.33333333,"0",24
"21",0,500,"G",59.0716255880586,2.95019295453122,0,0,2018-01-23 05:00:00,2018-02-10 05:00:00,2018-07-17 00:00:00,0,"0","0",0,147,"119","132",1326666.66666667,"0",24
"22",0,500,"H",59.3951683679038,1.45720519730553,0,0,2018-01-23 05:00:00,2018-02-10 05:00:00,2018-11-15 05:00:00,0,"0","0",0,92,"103","100",983333.333333333,"0",24
"23",1000,0,"A",0,0,5.35223720099714,0.227563376531936,2018-01-23 05:00:00,2018-03-06 05:00:00,2018-11-30 05:00:00,6,"12","16",113333.333333333,0,"0","0",0,"0",47.4375
"24",1000,0,"B",0,0,5.84374697995057,0.456126277885174,2018-01-23 05:00:00,2018-03-01 05:00:00,2018-12-06 05:00:00,10,"12","10",106666.666666667,0,"0","0",0,"0",42.4375
"25",1000,0,"C",0,0,5.6336264442187,0.474595359630245,2018-01-23 05:00:00,2018-02-19 05:00:00,2018-12-06 05:00:00,405,"322","401",3760000,0,"0","0",0,"0",33
"26",1000,1000,"A",56.9407741778672,6.65984678429756,0,0,2018-01-23 05:00:00,2018-02-06 05:00:00,2018-04-12 00:00:00,0,"0","0",0,63,"61","68",640000,"0",20
"27",1000,1000,"B",58.6843070152395,1.8293741769703,0,0,2018-01-23 05:00:00,2018-02-09 05:00:00,2018-12-17 05:00:00,0,"0","0",0,84,"74","140",993333.333333333,"0",23
"28",1000,1000,"F",60.2136126795135,2.39920376966341,0,0,2018-01-23 05:00:00,2018-02-10 05:00:00,2018-07-25 00:00:00,0,"0","0",0,115,"119","114",1160000,"0",24
"29",1000,1000,"G",0,0,5.49368699188157,0.432670785960224,2018-01-23 05:00:00,2018-02-16 05:00:00,2018-11-27 05:00:00,333,"368","305",3353333.33333333,0,"0","0",0,"0",30
"30",1000,1000,"H",59.4816825497015,1.53365714530823,0,0,2018-01-23 05:00:00,2018-02-09 05:00:00,2018-12-18 05:00:00,0,"0","0",0,127,"85","na",1060000,"0",23
"31",1000,2000,"A",57.8387799244132,4.11061077691522,0,0,2018-01-23 05:00:00,2018-02-02 05:00:00,2018-03-28 00:00:00,0,"0","0",0,33,"44","28",350000,"0",16
"32",1000,2000,"B",58.7844573710625,2.7792583064687,0,0,2018-01-23 05:00:00,2018-02-05 05:00:00,2018-04-04 00:00:00,0,"0","0",0,44,"50","50",480000,"0",19
"33",1000,2000,"C",56.6790658850196,2.55520900977047,0,0,2018-01-23 05:00:00,2018-02-08 05:00:00,2018-04-26 00:00:00,0,"0","0",0,86,"101","89",920000,"0",22
"34",1000,2000,"D",59.5035219266101,3.59906828027329,0,0,2018-01-23 05:00:00,2018-02-10 05:00:00,2018-07-17 00:00:00,0,"0","0",0,81,"96","81",860000,"0",24
"35",1000,2000,"E",57.1778487011639,2.10850839229086,0,0,2018-01-23 05:00:00,2018-02-10 05:00:00,2018-11-29 05:00:00,0,"0","0",0,72,"65","65",673333.333333333,"0",24
"36",1000,2000,"F",57.0012617733191,3.5593715411025,0,0,2018-01-23 05:00:00,2018-02-10 05:00:00,2018-11-29 05:00:00,0,"0","0",0,111,"115","104",1100000,"0",24
"37",1000,2000,"G",0,0,5.64473354860348,0.44478639621725,2018-01-23 05:00:00,2018-02-20 05:00:00,2018-12-13 05:00:00,17,"23","17",190000,0,"0","0",0,"0",34
"38",1000,250,"B",59.6008417310875,2.44367874182808,0,0,2018-01-23 05:00:00,2018-02-06 05:00:00,2018-04-11 00:00:00,0,"0","0",0,50,"62","62",580000,"0",20
"39",1000,250,"C",53.6998738764635,12.6397128289273,0,0,2018-01-23 05:00:00,2018-02-06 05:00:00,2018-04-11 00:00:00,0,"0","0",0,0,"3","1",13333.3333333333,"0",20
"40",1000,250,"E",58.3521621061694,2.88138013050793,3.84357853253135,0.696422173667193,2018-01-23 05:00:00,2018-02-10 05:00:00,2018-04-27 00:00:00,10,"8","7",83333.3333333333,109,"73","98",933333.333333333,"0",24
"41",1000,250,"F",56.8528903227294,3.11536139710272,3.99701855645771,0.815699359916367,2018-01-23 05:00:00,2018-02-10 05:00:00,2018-04-27 00:00:00,5,"3","7",50000,92,"104","133",1096666.66666667,"0",24
"42",1000,250,"G",0,0,5.65438245039333,0.342557223354667,2018-01-23 05:00:00,2018-02-27 05:00:00,2018-12-21 05:00:00,27,"39","89",516666.666666667,0,"0","0",0,"0",40.4375
"43",1000,5,"A",60.6647109539972,2.27671295409817,0,0,2018-01-23 05:00:00,2018-02-09 05:00:00,2018-05-04 00:00:00,0,"0","0",0,126,"109","108",1143333.33333333,"0",23
"44",1000,5,"B",0,0,5.01731206479087,0.311807973564148,2018-01-23 05:00:00,2018-02-09 05:00:00,2018-11-26 05:00:00,13,"17","11",136666.666666667,107,"106","100",1043333.33333333,"0",23
"45",1000,5,"C",0,0,5.4132366912738,0.233447387652855,2018-01-23 05:00:00,2018-02-16 05:00:00,2018-12-13 05:00:00,64,"60","47",570000,0,"0","0",0,"0",30
"46",1000,5,"D",0,0,5.44636308991098,0.176133795462715,2018-01-23 05:00:00,2018-03-07 05:00:00,2018-11-30 05:00:00,2,"2","0",13333.3333333333,0,"0","0",0,"0",48.4375
"47",1000,50,"A",60.6901144955295,0,0,0,2018-01-23 05:00:00,2018-02-06 05:00:00,2018-04-11 00:00:00,0,"0","0",0,0,"1","0",3333.33333333333,"0",20
"48",1000,50,"F",0,0,5.4655484455007,0.351228541925295,2018-01-23 05:00:00,2018-03-21 00:00:00,2018-12-21 05:00:00,90,"96","102",960000,0,"0","0",0,"0",62.4375
"49",1000,500,"A",58.6537581172821,2.24586412150684,0,0,2018-01-23 05:00:00,2018-02-05 05:00:00,2018-04-04 00:00:00,0,"0","0",0,67,"72","98",790000,"0",19
"50",1000,500,"B",58.636225791719,3.1483570787961,0,0,2018-01-23 05:00:00,2018-02-08 05:00:00,2018-04-26 00:00:00,0,"0","0",0,68,"69","NA",685000,"0",22
"51",1000,500,"C",56.5449407858361,5.91043246444427,0,0,2018-01-23 05:00:00,2018-02-08 05:00:00,2018-04-27 00:00:00,0,"0","0",0,46,"49","61",520000,"0",22
"52",1000,500,"D",58.3635206886508,3.39872156376469,0,0,2018-01-23 05:00:00,2018-02-09 05:00:00,2018-11-29 05:00:00,0,"0","0",0,69,"72","56",656666.666666667,"0",23
"53",1000,500,"F",58.1027692495949,2.70404577206088,0,0,2018-01-23 05:00:00,2018-02-12 05:00:00,2018-11-16 05:00:00,0,"0","0",0,2,"1","9",40000,"0",26
"54",20,0,"A",0,0,5.4397846006844,0.265049988645741,2018-01-23 05:00:00,2018-03-12 00:00:00,2018-12-18 05:00:00,48,"41","70",530000,0,"0","0",0,"0",53.4375
"55",20,1000,"A",55.4787845760885,2.19039372586657,0,0,2018-01-23 05:00:00,2018-02-03 05:00:00,2018-03-28 00:00:00,0,"0","0",0,34,"51","52",456666.666666667,"used dirty pestle",17
"56",20,1000,"B",56.3070064973302,1.88178055599736,0,0,2018-01-23 05:00:00,2018-02-09 05:00:00,2018-11-26 05:00:00,0,"0","0",0,116,"114","97",1090000,"0",23
"57",20,1000,"C",57.3367804756642,1.46611618015281,0,0,2018-01-23 05:00:00,2018-02-09 05:00:00,2018-11-29 05:00:00,0,"0","0",0,96,"75","87",860000,"0",23
"58",20,1000,"D",58.887025405931,3.09401187490685,0,0,2018-01-23 05:00:00,2018-02-10 05:00:00,2018-11-29 05:00:00,0,"0","0",0,78,"73","97",826666.666666667,"0",24
"59",20,1000,"F",59.1053814597661,2.51272953155032,0,0,2018-01-23 05:00:00,2018-02-17 05:00:00,2018-11-13 05:00:00,0,"0","0",0,40,"1","0",136666.666666667,"0",31
"60",20,2000,"A",56.6462081863312,4.32175298846836,0,0,2018-01-23 05:00:00,2018-02-02 05:00:00,2018-03-22 00:00:00,0,"0","0",0,44,"48","45",456666.666666667,"0",16
"61",20,2000,"B",57.6363010392391,3.92661929938845,0,0,2018-01-23 05:00:00,2018-02-06 05:00:00,2018-04-12 00:00:00,0,"0","0",0,112,"94","97",1010000,"0",20
"62",20,2000,"C",55.9277932771305,4.54869286528806,0,0,2018-01-23 05:00:00,2018-02-08 05:00:00,2018-04-26 00:00:00,0,"0","0",0,102,"81","88",903333.333333333,"0",22
"63",20,2000,"D",57.7250803025292,2.77289652045879,0,0,2018-01-23 05:00:00,2018-02-10 05:00:00,2018-11-26 05:00:00,0,"0","0",0,81,"84","NA",825000,"0",24
"64",20,2000,"E",57.8767767389498,2.94019107860212,0,0,2018-01-23 05:00:00,2018-02-10 05:00:00,2018-11-26 05:00:00,0,"0","0",0,94,"95","78",890000,"0",24
"65",20,2000,"F",59.3383769735282,2.64139390073334,0,0,2018-01-23 05:00:00,2018-02-10 05:00:00,2019-12-17 05:00:00,0,"0","0",0,102,"92","100",980000,"0",24
"66",20,250,"A",56.5612796324414,1.86646742835791,0,0,2018-01-23 05:00:00,2018-02-05 05:00:00,2018-04-04 00:00:00,0,"0","0",0,70,"85","92",823333.333333333,"0",19
"67",20,250,"B",56.1105403217254,2.23308844997645,0,0,2018-01-23 05:00:00,2018-02-05 05:00:00,2018-03-29 00:00:00,0,"0","0",0,162,"129","166",1523333.33333333,"0",19
"68",20,250,"G",5.51718142346245,0.312097576393295,0,0,2018-01-23 05:00:00,2018-02-25 05:00:00,2018-12-21 05:00:00,41,"49","48",460000,0,"0","0",0,"0",38.4375
"69",20,5,"B",57.3062838117803,2.57195831166134,0,0,2018-01-23 05:00:00,2018-02-05 05:00:00,2018-04-04 00:00:00,0,"0","0",0,73,"66","70",696666.666666667,"0",19
"70",20,50,"A",59.7677284216965,2.1109174582469,0,0,2018-01-23 05:00:00,2018-02-08 05:00:00,2018-04-26 00:00:00,0,"0","0",0,87,"87","96",9e+05,"0",22
"71",20,50,"B",0,0,5.4644364399556,0.413206717406305,2018-01-23 05:00:00,2018-02-16 05:00:00,2019-11-28 05:00:00,181,"163","362",2353333.33333333,0,"0","0",0,"0",30
"72",20,50,"C",0,0,5.62634107427145,0.440957470759935,2018-01-23 05:00:00,2018-02-17 05:00:00,2018-11-27 05:00:00,63,"43","58",546666.666666667,0,"0","0",0,"0",31
"73",20,500,"A",56.0330346434021,1.57378234965359,0,0,2018-01-23 05:00:00,2018-02-03 05:00:00,2018-03-28 00:00:00,0,"0","0",0,52,"43","41",453333.333333333,"0",17
"74",20,500,"B",55.1598097148493,2.67750023535343,0,0,2018-01-23 05:00:00,2018-02-06 05:00:00,2018-04-11 00:00:00,0,"0","0",0,59,"47","58",546666.666666667,"0",20
"75",20,500,"C",59.2466477811532,1.98035127566514,0,0,2018-01-23 05:00:00,2018-02-09 05:00:00,2018-11-26 05:00:00,0,"0","0",0,81,"80","82",810000,"0",23
"76",20,500,"D",55.539754044226,3.70660239303447,5.20150980682286,0.321051405420008,2018-01-23 05:00:00,2018-02-09 05:00:00,2018-12-17 05:00:00,45,"36","54",450000,63,"85","120",893333.333333333,"0",23
"77",20,500,"E",57.6765664394072,3.29733695879843,0,0,2018-01-23 05:00:00,2018-02-12 05:00:00,2018-11-15 05:00:00,0,"0","0",0,138,"141","129",1360000,"0",26
"78",20,500,"F",0,0,5.41320064116373,0.166830565791315,2018-01-23 05:00:00,2018-02-23 05:00:00,2018-12-03 05:00:00,51,"43","56",5e+05,0,"0","0",0,"0",36.4375
"79",20,500,"G",0,0,5.34004333385427,0.350465389943422,2018-01-23 05:00:00,2018-02-19 05:00:00,2018-12-04 05:00:00,54,"57","54",550000,0,"0","0",0,"0",33
"80",200,0,"A",0,0,5.2998076631141,0.230497066429977,2018-01-23 05:00:00,2018-02-15 05:00:00,2018-12-13 05:00:00,80,"96","76",840000,0,"0","0",0,"0",29
"81",200,0,"B",0,0,5.29681840737274,0.308381594252162,2018-01-23 05:00:00,2018-02-17 05:00:00,2018-11-28 05:00:00,13,"5","33",170000,0,"0","0",0,"0",31
"82",200,1000,"A",53.3879273009185,6.7110821672284,0,0,2018-01-23 05:00:00,2018-02-03 05:00:00,2018-03-28 00:00:00,0,"0","0",0,48,"47","48",476666.666666667,"0",17
"83",200,1000,"B",54.8798349911185,3.33072587774193,0,0,2018-01-23 05:00:00,2018-02-03 05:00:00,2018-03-28 00:00:00,0,"0","0",0,45,"58","44",490000,"0",17
"84",200,1000,"C",57.8164994216358,1.64466491192278,0,0,2018-01-23 05:00:00,2018-02-05 05:00:00,2018-03-29 00:00:00,0,"0","0",0,72,"51","69",640000,"0",19
"85",200,1000,"D",56.5311517846444,3.35262814039725,0,0,2018-01-23 05:00:00,2018-02-07 05:00:00,2018-04-26 00:00:00,0,"0","0",0,48,"50","NA",490000,"0",21
"86",200,1000,"E",60.2941148012026,1.6423292842861,5.64249322826863,0.359395131177486,2018-01-23 05:00:00,2018-02-10 05:00:00,2018-11-16 05:00:00,11,"19","15",150000,82,"78","9",563333.333333333,"0",24
"87",200,1000,"F",55.2814803894825,7.75536607364428,5.47347011887462,0.51199989791736,2018-01-23 05:00:00,2018-02-10 05:00:00,2018-11-30 05:00:00,2,"2","7",36666.6666666667,106,"113","137",1186666.66666667,"0",24
"88",200,1000,"I",58.6321096920511,2.0997696394928,0,0,2018-01-23 05:00:00,2018-02-12 05:00:00,2019-11-30 05:00:00,14,"39","11",213333.333333333,153,"149","180",1606666.66666667,"0",26
"89",200,2000,"B",56.8267472890043,2.56021383791537,0,0,2018-01-23 05:00:00,2018-02-05 05:00:00,2018-03-29 00:00:00,0,"0","0",0,80,"77","77",780000,"0",19
"90",200,2000,"E",57.0550534258,1.7440420095279,0,0,2018-01-23 05:00:00,2018-02-10 05:00:00,2018-11-30 05:00:00,1,"1","0",6666.66666666667,84,"76","89",830000,"0",24
"91",200,250,"A",57.776100491324,3.21758206193018,0,0,2018-01-23 05:00:00,2018-02-02 05:00:00,2018-03-22 00:00:00,0,"0","0",0,50,"54","50",513333.333333333,"0",16
"92",200,250,"B",60.7702777169577,2.15753747806933,0,0,2018-01-23 05:00:00,2018-02-06 05:00:00,2018-04-11 00:00:00,0,"0","0",0,192,"196","NA",1940000,"only 2 counts because some of the slurry was lost due to pipetting error",20
"93",200,250,"C",58.2251212021569,3.48203676517703,0,0,2018-01-23 05:00:00,2018-02-07 05:00:00,2018-04-12 00:00:00,0,"0","0",0,120,"136","137",1310000,"0",21
"94",200,250,"D",58.059134292801,3.32928098355377,0,0,2018-01-23 05:00:00,2018-02-08 05:00:00,2018-04-26 00:00:00,0,"0","0",0,87,"80","79",820000,"0",22
"95",200,5,"B",0,0,5.90736769789107,0.396354560593567,2018-01-23 05:00:00,2018-03-06 05:00:00,2018-12-21 05:00:00,12,"11","8",103333.333333333,0,"0","0",0,"0",47.4375
"96",200,50,"A",56.3279989431143,3.11084509494437,0,0,2018-01-23 05:00:00,2018-02-06 05:00:00,2018-04-11 00:00:00,0,"0","0",0,74,"69","73",720000,"0",20
"97",200,50,"B",58.501730674122,4.41792160952527,0,0,2018-01-23 05:00:00,2018-02-07 05:00:00,2018-04-12 00:00:00,0,"0","0",0,112,"131","142",1283333.33333333,"0",21
"98",200,50,"C",60.1644936899916,5.23253810928278,0,0,2018-01-23 05:00:00,2018-02-08 05:00:00,2018-04-26 00:00:00,0,"0","0",0,73,"102","82",856666.666666667,"0",22
"99",200,50,"F",0,0,5.46450313703605,0.373421480803863,2018-01-23 05:00:00,2018-02-10 05:00:00,2019-01-17 05:00:00,0,"0","0",0,92,"78","87",856666.666666667,"0",24
"100",200,500,"A",56.4005260416733,2.41330783851706,0,0,2018-01-23 05:00:00,2018-02-05 05:00:00,2018-03-28 00:00:00,0,"0","0",0,91,"74","67",773333.333333333,"0",19
"101",200,500,"B",58.1732259886891,3.70495304534985,0,0,2018-01-23 05:00:00,2018-02-05 05:00:00,2018-03-29 00:00:00,0,"0","0",0,128,"103","119",1166666.66666667,"0",19
"102",200,500,"C",56.9868123985425,2.73258531168952,0,0,2018-01-23 05:00:00,2018-02-05 05:00:00,2018-03-29 00:00:00,0,"0","0",0,83,"67","105",850000,"0",19
"103",200,500,"D",55.9951594140209,3.22109618839802,0,0,2018-01-23 05:00:00,2018-02-05 05:00:00,2018-03-29 00:00:00,0,"0","0",0,110,"80","90",933333.333333333,"0",19
"104",200,500,"E",57.85389364963,3.74210292848117,5.55824103176491,0.421673620443407,2018-01-23 05:00:00,2018-02-08 05:00:00,2018-04-26 00:00:00,0,"0","0",0,18,"20","25",210000,"0",22
"105",200,500,"F",55.2684220758729,2.23282626409001,0,0,2018-01-23 05:00:00,2018-02-10 05:00:00,2018-11-15 05:00:00,0,"0","0",0,121,"140","143",1346666.66666667,"0",24
"106",200,500,"G",59.0175926955852,2.72110026774511,0,0,2018-01-23 05:00:00,2018-02-10 05:00:00,2018-11-16 05:00:00,0,"0","0",0,94,"122","118",1113333.33333333,"0",24
"107",2000,0,"A",0,0,4.96974493624667,0.379550028073683,2018-01-23 05:00:00,2018-02-14 05:00:00,2018-11-15 05:00:00,197,"194","230",2070000,0,"0","0",0,"0",28
"108",2000,0,"B",0,0,5.73790659076443,0.263671851723851,2018-01-23 05:00:00,2018-02-14 05:00:00,2018-11-16 05:00:00,229,"204","188",2070000,0,"0","0",0,"0",28
"109",2000,0,"F",0,0,5.36233146774663,0.358852456064408,2018-01-23 05:00:00,2018-02-23 05:00:00,2018-12-06 05:00:00,290,"300","289",2930000,0,"0","0",0,"0",36.4375
"110",2000,1000,"A",52.76199189672,3.50729425908277,0,0,2018-01-23 05:00:00,2018-02-02 05:00:00,2018-03-22 00:00:00,0,"0","0",0,39,"35","40",380000,"0",16
"111",2000,1000,"B",58.017945564355,2.9507786229972,0,0,2018-01-23 05:00:00,2018-02-08 05:00:00,2018-04-27 00:00:00,0,"0","0",0,101,"106","110",1056666.66666667,"0",22
"112",2000,1000,"C",56.1140866843812,3.17694423240844,0,0,2018-01-23 05:00:00,2018-02-09 05:00:00,2018-11-09 05:00:00,0,"0","0",0,70,"84","102",853333.333333333,"0",23
"113",2000,1000,"D",53.6100519609262,3.77461529316675,0,0,2018-01-23 05:00:00,2018-02-09 05:00:00,2018-12-17 05:00:00,0,"0","0",0,114,"124","114",1173333.33333333,"0",23
"114",2000,1000,"H",58.5431135573392,4.44551513131819,0,0,2018-01-23 05:00:00,2018-02-10 05:00:00,2018-11-09 05:00:00,0,"0","0",0,91,"88","92",903333.333333333,"0",24
"115",2000,1000,"I",56.9093469526978,3.76308052671017,0,0,2018-01-23 05:00:00,2018-02-10 05:00:00,2018-12-17 05:00:00,0,"0","0",0,106,"123","109",1126666.66666667,"0",24
"116",2000,1000,"J",58.1629067126345,3.31342700501855,0,0,2018-01-23 05:00:00,2018-02-10 05:00:00,2018-12-17 05:00:00,0,"0","0",0,144,"132","136",1373333.33333333,"0",24
"117",2000,2000,"B",56.3610971814897,6.40518285319069,0,0,2018-01-23 05:00:00,2018-02-05 05:00:00,2018-04-04 00:00:00,0,"0","0",0,68,"60","62",633333.333333333,"0",19
"118",2000,2000,"C",49.9315042284233,3.24202006916246,0,0,2018-01-23 05:00:00,2018-02-05 05:00:00,2018-04-10 00:00:00,0,"0","0",0,46,"63","60",563333.333333333,"all counts from 4/10/18 used 7.97 uL sample volume instead of the usual 10 uL",19
"119",2000,2000,"D",59.6797352767663,2.31059382742809,0,0,2018-01-23 05:00:00,2018-02-07 05:00:00,2018-04-12 00:00:00,0,"0","0",0,83,"79","105",890000,"0",21
"120",2000,2000,"E",58.7118659091217,1.3306731074833,0,0,2018-01-23 05:00:00,2018-02-09 05:00:00,2019-07-27 00:00:00,0,"0","0",0,109,"125","142",1253333.33333333,"0",23
"121",2000,2000,"F",58.9427504516233,3.29146713892671,0,0,2018-01-23 05:00:00,2018-02-09 05:00:00,2018-05-04 00:00:00,0,"0","0",0,152,"144","155",1503333.33333333,"0",23
"122",2000,2000,"G",55.603419596985,6.81004312396175,0,0,2018-01-23 05:00:00,2018-02-10 05:00:00,2018-12-17 05:00:00,0,"0","0",0,127,"148","114",1296666.66666667,"0",24
"123",2000,2000,"H",59.3168318710979,3.58976324302434,0,0,2018-01-23 05:00:00,2018-02-10 05:00:00,2019-12-17 05:00:00,0,"0","0",0,83,"97","83",876666.666666667,"0",24
"124",2000,2000,"I",0,0,5.59761890701781,0.44760896190532,2018-01-23 05:00:00,2018-02-15 05:00:00,2018-11-13 05:00:00,115,"106","97",1060000,0,"0","0",0,"0",29
"125",2000,250,"A",54.9575445785395,4.25555915658672,0,0,2018-01-23 05:00:00,2018-02-03 05:00:00,2018-03-28 00:00:00,0,"0","0",0,53,"59","50",540000,"0",17
"126",2000,250,"B",60.4089024609959,3.71231479025748,0,0,2018-01-23 05:00:00,2018-02-05 05:00:00,2018-04-10 00:00:00,0,"0","0",0,59,"42","64",550000,"all counts from 4/10/18 used 7.97 uL sample volume instead of the usual 10 uL",19
"127",2000,250,"D",55.2009450330256,7.48608900262756,0,0,2018-01-23 05:00:00,2018-02-08 05:00:00,2018-07-17 00:00:00,0,"0","0",0,113,"123","113",1163333.33333333,"0",22
"128",2000,250,"F",57.9769350482345,4.67200514624755,5.1268339378628,0.447059017487333,2018-01-23 05:00:00,2018-02-10 05:00:00,2018-11-26 05:00:00,8,"6","7",70000,108,"87","114",1030000,"0",24
"129",2000,250,"I",61.1957227573354,2.88755496787265,0,0,2018-01-23 05:00:00,2018-02-12 05:00:00,2018-11-13 05:00:00,0,"0","0",0,99,"136","118",1176666.66666667,"0",26
"130",2000,5,"A",0,0,5.54105235604188,0.252506955554372,2018-01-23 05:00:00,2018-02-15 05:00:00,2018-11-27 05:00:00,117,"123","108",1160000,0,"0","0",0,"0",29
"131",2000,5,"B",0,0,5.30753935007605,0.191116927984953,2018-01-23 05:00:00,2018-02-17 05:00:00,2018-11-28 05:00:00,126,"130","148",1346666.66666667,0,"0","0",0,"0",31
"132",2000,5,"E",0,0,5.57453565362709,0.312011378810498,2018-01-23 05:00:00,2018-02-23 05:00:00,2018-12-04 05:00:00,38,"37","57",440000,0,"0","0",0,"0",36.4375
"133",2000,50,"A",54.6894421985825,4.27880872092411,0,0,2018-01-23 05:00:00,2018-02-02 05:00:00,2018-03-28 00:00:00,0,"0","0",0,3,"0","5",26666.6666666667,"counted immature spores",16
"134",2000,50,"G",0,0,5.39612843858913,0.199489678776488,2018-01-23 05:00:00,2018-02-23 05:00:00,2018-12-21 05:00:00,224,"265","250",2463333.33333333,0,"0","0",0,"0",36.4375
"135",2000,500,"A",56.9883614327743,2.20278843855691,0,0,2018-01-23 05:00:00,2018-02-02 05:00:00,2018-03-22 00:00:00,0,"0","0",0,33,"25","43",336666.666666667,"0",16
"136",2000,500,"B",54.3723099883984,4.18518963567232,0,0,2018-01-23 05:00:00,2018-02-05 05:00:00,2018-04-04 00:00:00,0,"0","0",0,93,"120","131",1146666.66666667,"0",19
"137",2000,500,"C",55.7283452535723,2.01443821234646,0,0,2018-01-23 05:00:00,2018-02-05 05:00:00,2018-04-10 00:00:00,0,"0","0",0,57,"46","83",620000,"all counts from 4/10/18 used 7.97 uL sample volume instead of the usual 10 uL",19
"138",2000,500,"D",57.6343035780552,2.37289676088819,0,0,2018-01-23 05:00:00,2018-02-05 05:00:00,2018-04-10 00:00:00,0,"0","0",0,55,"50","65",566666.666666667,"all counts from 4/10/18 used 7.97 uL sample volume instead of the usual 10 uL",19
"139",2000,500,"E",59.7983174556652,4.56786677123643,0,0,2018-01-23 05:00:00,2018-02-08 05:00:00,2018-04-27 00:00:00,0,"0","0",0,117,"88","110",1050000,"0",22
"140",2000,500,"G",37.6273078001466,25.8039712955216,5.22169412105758,0.115923231282562,2018-01-23 05:00:00,2018-02-09 05:00:00,2018-11-29 05:00:00,15,"31","5",170000,85,"105","105",983333.333333333,"0",23
"141",4000,0,"C",0,0,5.54541810721107,0.244225466056076,2018-01-23 05:00:00,2018-03-09 05:00:00,2018-11-30 05:00:00,14,"13","15",140000,0,"0","0",0,"0",50.4375
"142",4000,0,"D",0,0,5.64822876359331,0.15892798044315,2018-01-23 05:00:00,2018-02-27 05:00:00,2018-12-21 05:00:00,51,"74","51",586666.666666667,0,"0","0",0,"0",40.4375
"143",4000,0,"E",0,0,5.7762097082978,0.304144009001644,2018-01-23 05:00:00,2018-02-19 05:00:00,2018-12-21 05:00:00,76,"65","62",676666.666666667,0,"0","0",0,"0",33
"144",4000,1000,"A",57.5322042568232,1.76187130698059,0,0,2018-01-23 05:00:00,2018-02-08 05:00:00,2018-11-09 05:00:00,0,"0","0",0,55,"50","48",510000,"0",22
"145",4000,1000,"C",59.7719854798654,2.14584420618221,0,0,2018-01-23 05:00:00,2018-02-10 05:00:00,2018-11-13 05:00:00,0,"0","0",0,93,"98","212",1343333.33333333,"0",24
"146",4000,1000,"D",59.1453888096207,3.82453017969402,5.29846502595469,0.331040724089677,2018-01-23 05:00:00,2018-02-10 05:00:00,2018-11-30 05:00:00,89,"72","69",766666.666666667,131,"121","144",1320000,"0",24
"147",4000,1000,"H",57.5167577893607,2.78887146418567,0,0,2018-01-23 05:00:00,2018-02-12 05:00:00,2018-11-30 05:00:00,0,"0","0",0,76,"66","71",710000,"0",26
"148",4000,2000,"A",59.2991033542047,3.47311513704597,0,0,2018-01-23 05:00:00,2018-02-06 05:00:00,2018-04-11 00:00:00,0,"0","0",0,88,"53","84",750000,"0",20
"149",4000,2000,"C",58.3958769107833,3.33878662549911,0,0,2018-01-23 05:00:00,2018-02-09 05:00:00,2018-07-17 00:00:00,0,"0","0",0,71,"61","76",693333.333333333,"0",23
"150",4000,2000,"D",59.3985538545511,3.04873189156106,5.44956037004113,0.374455363007375,2018-01-23 05:00:00,2018-02-09 05:00:00,2019-12-13 05:00:00,3,"0","6",30000,99,"103","125",1090000,"0",23
"151",4000,2000,"E",57.1370371257912,1.55712274838527,4.62377536176927,0.366085659126276,2018-01-23 05:00:00,2018-02-10 05:00:00,2018-11-16 05:00:00,42,"54","35",436666.666666667,97,"94","93",946666.666666667,"0",24
"152",4000,2000,"G",59.6543031934294,2.56983068126622,4.76041926213467,0.375767920284369,2018-01-23 05:00:00,2018-02-12 05:00:00,2018-11-15 05:00:00,44,"30","30",346666.666666667,90,"83","104",923333.333333333,"0",26
"153",4000,2000,"I",0,0,5.50258439853424,0.24118584063063,2018-01-23 05:00:00,2018-02-25 05:00:00,2018-12-18 05:00:00,9,"16","15",133333.333333333,0,"0","0",0,"0",38.4375
"154",4000,2000,"J",0,0,5.54359473345132,0.299985935738817,2018-01-23 05:00:00,2018-02-20 05:00:00,2018-12-21 05:00:00,40,"35","53",426666.666666667,0,"0","0",0,"0",34
"155",4000,250,"A",56.0781167714233,5.07093353984256,5.2236033887896,0.872309429130013,2018-01-23 05:00:00,2018-02-02 05:00:00,2018-03-22 00:00:00,0,"0","0",0,58,"40","54",506666.666666667,"0",16
"156",4000,250,"B",59.045980068982,2.16639817776704,0,0,2018-01-23 05:00:00,2018-02-08 05:00:00,2018-11-09 05:00:00,5,"3","6",46666.6666666667,134,"99","178",1370000,"0",22
"157",4000,250,"C",54.5451419010358,5.47592534794088,0,0,2018-01-23 05:00:00,2018-02-08 05:00:00,2018-04-27 00:00:00,0,"0","0",0,145,"146","129",1400000,"0",22
"158",4000,250,"E",58.9826274406467,1.89201357939386,0,0,2018-01-23 05:00:00,2018-02-10 05:00:00,2018-05-04 00:00:00,0,"0","0",0,122,"109","NA",1155000,"0",24
"159",4000,250,"G",59.1016460610852,4.64726115195985,5.2508449502104,0.432156210392633,2018-01-23 05:00:00,2018-02-10 05:00:00,2018-07-18 00:00:00,30,"24","23",256666.666666667,89,"134","117",1133333.33333333,"0",24
"160",4000,250,"H",57.3495039571527,1.82283519379104,0,0,2018-01-23 05:00:00,2018-02-10 05:00:00,2018-07-17 00:00:00,0,"0","0",0,87,"72","84",810000,"0",24
"161",4000,250,"I",60.1009663421189,2.29722202263657,0,0,2018-01-23 05:00:00,2018-02-13 05:00:00,2018-11-16 05:00:00,0,"0","0",0,122,"95","136",1176666.66666667,"0",27
"162",4000,250,"J",0,0,5.68050516674105,0.379500654655227,2018-01-23 05:00:00,2018-02-15 05:00:00,2018-11-15 05:00:00,351,"373","392",3720000,0,"0","0",0,"0",29
"163",4000,5,"C",57.1146674948223,7.01051569774773,0,0,2018-01-23 05:00:00,2018-02-13 05:00:00,2019-11-16 05:00:00,0,"0","0",0,125,"113","110",1160000,"0",27
"164",4000,5,"D",0,0,5.29093867219667,0.213803010599577,2018-01-23 05:00:00,2018-02-17 05:00:00,2018-11-28 05:00:00,264,"278","263",2683333.33333333,0,"0","0",0,"0",31
"165",4000,50,"A",50.6063327854518,7.37693954161829,0,0,2018-01-23 05:00:00,2018-02-02 05:00:00,2018-03-22 00:00:00,0,"0","0",0,34,"28","33",316666.666666667,"0",16
"166",4000,50,"C",0,0,5.69513305682294,0.348888991961969,2018-01-23 05:00:00,2018-02-15 05:00:00,2018-11-13 05:00:00,202,"186","174",1873333.33333333,0,"0","0",0,"0",29
"167",4000,50,"D",0,0,5.40287130425969,0.338685612293105,2018-01-23 05:00:00,2018-02-16 05:00:00,2019-11-28 05:00:00,166,"160","149",1583333.33333333,0,"0","0",0,"0",30
"168",4000,50,"F",0,0,5.35636846958354,0.349661772723227,2018-01-23 05:00:00,2018-03-12 00:00:00,2018-12-04 05:00:00,3,"12","7",73333.3333333333,0,"0","0",0,"0",53.4375
"169",4000,50,"G",0,0,5.45898026515852,0.259988333489621,2018-01-23 05:00:00,2018-02-17 05:00:00,2018-12-21 05:00:00,109,"54","41",680000,0,"0","0",0,"0",31
"170",4000,500,"A",59.4497384595908,1.45335178617742,0,0,2018-01-23 05:00:00,2018-02-03 05:00:00,2018-03-28 00:00:00,0,"0","0",0,36,"37","35",360000,"0",17
"171",4000,500,"B",54.9200733215451,2.56996025138198,0,0,2018-01-23 05:00:00,2018-02-08 05:00:00,2018-07-18 00:00:00,0,"0","0",0,160,"155","161",1586666.66666667,"0",22
"172",4000,500,"C",58.5541422803804,3.66833078584835,0,0,2018-01-23 05:00:00,2018-02-09 05:00:00,2019-07-18 00:00:00,0,"0","0",0,122,"135","117",1246666.66666667,"0",23
"173",4000,500,"G",59.7293957707209,4.42098069857899,5.26356530129584,0.400120354394621,2018-01-23 05:00:00,2018-02-10 05:00:00,2018-11-12 05:00:00,1,"7","29",123333.333333333,76,"79","136",970000,"0",24
"174",4000,500,"H",59.1909576402622,2.08413819825159,0,0,2018-01-23 05:00:00,2018-02-10 05:00:00,2019-11-26 05:00:00,0,"0","0",0,101,"84","83",893333.333333333,"0",24
"175",4000,500,"J",0,0,5.24608353227284,0.214069035998307,2018-01-23 05:00:00,2018-03-06 05:00:00,2018-12-03 05:00:00,28,"25","27",266666.666666667,0,"0","0",0,"0",47.4375
"176",8000,0,"B",59.1933399845258,2.741076492087,5.64593289261205,0.182650477296919,2018-01-23 05:00:00,2018-02-12 05:00:00,2018-11-16 05:00:00,2,"0","0",6666.66666666667,9,"0","0",30000,"0",26
"177",8000,0,"D",0,0,5.38494057208093,0.29282034943628,2018-01-23 05:00:00,2018-03-26 00:00:00,2018-12-13 05:00:00,332,"284","242",2860000,0,"0","0",0,"0",69.875
"178",8000,0,"E",0,0,5.40608350735367,0.351500541334404,2018-01-23 05:00:00,2018-02-19 05:00:00,2018-12-18 05:00:00,100,"98","75",910000,0,"0","0",0,"0",33
"179",8000,1000,"A",56.0227463110313,1.53582985956572,0,0,2018-01-23 05:00:00,2018-02-05 05:00:00,2018-04-26 00:00:00,0,"0","0",0,94,"103","107",1013333.33333333,"Hardcopy missing?",19
"180",8000,1000,"B",55.3714400620637,2.99637199437262,0,0,2018-01-23 05:00:00,2018-02-06 05:00:00,2018-04-11 00:00:00,0,"0","0",0,75,"62","89",753333.333333333,"0",20
"181",8000,1000,"H",0,0,5.6270136421649,0.453296081473105,2018-01-23 05:00:00,2018-02-17 05:00:00,2018-12-21 05:00:00,2,"1","2",16666.6666666667,0,"0","0",0,"0",31
"182",8000,2000,"B",56.2366245140718,3.63499183914225,0,0,2018-01-23 05:00:00,2018-02-02 05:00:00,2018-03-28 00:00:00,0,"0","0",0,34,"24","23",270000,"0",16
"183",8000,2000,"C",59.0659201622418,3.43313972444313,0,0,2018-01-23 05:00:00,2018-02-08 05:00:00,2018-04-27 00:00:00,0,"0","0",0,63,"69","61",643333.333333333,"0",22
"184",8000,2000,"D",58.7673268558369,3.06457185766593,5.65568254588898,0.581165644550241,2018-01-23 05:00:00,2018-02-09 05:00:00,2019-11-12 05:00:00,3,"3","11",56666.6666666667,101,"97","104",1006666.66666667,"0",23
"185",8000,2000,"E",57.2883526918844,4.1168339220656,0,0,2018-01-23 05:00:00,2018-02-10 05:00:00,2018-05-04 00:00:00,0,"0","0",0,128,"83","66",923333.333333333,"0",24
"186",8000,2000,"G",0,0,5.78313939624631,0.307194858766163,2018-01-23 05:00:00,2018-02-19 05:00:00,2018-12-06 05:00:00,12,"17","10",130000,0,"0","0",0,"0",33
"187",8000,2000,"H",0,0,5.56018785764083,0.286751368432218,2018-01-23 05:00:00,2018-03-21 00:00:00,2018-11-30 05:00:00,5,"7","4",53333.3333333333,0,"0","0",0,"0",62.4375
"188",8000,2000,"I",0,0,5.63458851555778,0.302076675872343,2018-01-23 05:00:00,2018-02-19 05:00:00,2018-12-04 05:00:00,33,"28","35",320000,0,"0","0",0,"0",33
"189",8000,250,"D",59.1672385295368,2.49597894629631,0,0,2018-01-23 05:00:00,2018-02-05 05:00:00,2018-04-11 00:00:00,0,"0","0",0,53,"56","59",560000,"0",19
"190",8000,250,"E",58.3010494602412,2.3974041110328,0,0,2018-01-23 05:00:00,2018-02-09 05:00:00,2018-12-18 05:00:00,0,"0","0",0,67,"56","41",546666.666666667,"0",23
"191",8000,250,"G",0,0,5.79814951651505,0.222110962849015,2018-01-23 05:00:00,2018-02-15 05:00:00,2018-07-17 00:00:00,63,"58","88",696666.666666667,1,"0","1",6666.66666666667,"0",29
"192",8000,250,"H",0,0,5.89090951207219,0.372228048514143,2018-01-23 05:00:00,2018-02-17 05:00:00,2019-11-15 05:00:00,29,"42","35",353333.333333333,0,"0","0",0,"0",31
"193",8000,5,"A",0,0,5.64376031825082,0.419724090219396,2018-01-23 05:00:00,2018-02-17 05:00:00,2019-11-12 05:00:00,290,"302","298",2966666.66666667,0,"0","0",0,"0",31
"194",8000,5,"B",0,0,5.18743691370171,0.29508716961705,2018-01-23 05:00:00,2018-02-17 05:00:00,2018-12-03 05:00:00,25,"12","27",213333.333333333,0,"0","0",0,"0",31
"195",8000,5,"D",0,0,5.59247889100307,0.363530892651334,2018-01-23 05:00:00,2018-02-25 05:00:00,2018-12-03 05:00:00,6,"12","10",93333.3333333333,0,"0","0",0,"0",38.4375
"196",8000,5,"F",0,0,5.49205469143671,0.345046439460643,2018-01-23 05:00:00,2018-03-12 00:00:00,2018-12-13 05:00:00,30,"34","42",353333.333333333,0,"0","0",0,"0",53.4375
"197",8000,50,"C",0,0,5.52430681490389,0.305778817889389,2018-01-23 05:00:00,2018-02-16 05:00:00,2018-11-28 05:00:00,110,"88","116",1046666.66666667,0,"0","0",0,"0",30
"198",8000,50,"D",0,0,5.50145959158319,0.308716647974958,2018-01-23 05:00:00,2018-02-17 05:00:00,2018-11-28 05:00:00,225,"282","227",2446666.66666667,0,"0","0",0,"0",31
"199",8000,50,"E",0,0,5.48998927624954,0.288595329515421,2018-01-23 05:00:00,2018-03-21 00:00:00,2018-11-30 05:00:00,201,"203","198",2006666.66666667,0,"0","0",0,"0",62.4375
"200",8000,50,"F",0,0,5.54457189915671,0.247096418697543,2018-01-23 05:00:00,2018-03-21 00:00:00,2018-12-04 05:00:00,38,"37","57",440000,0,"0","0",0,"0",62.4375
"201",8000,500,"A",53.7949552722261,2.75696220120165,0,0,2018-01-23 05:00:00,2018-02-02 05:00:00,2018-03-28 00:00:00,0,"0","0",0,11,"8","11",1e+05,"0",16
"202",8000,500,"B",57.0577897649402,2.71943986635182,0,0,2018-01-23 05:00:00,2018-02-05 05:00:00,2018-04-10 00:00:00,0,"0","0",0,49,"59","59",556666.666666667,"all counts from 4/10/18 used 7.97 uL sample volume instead of the usual 10 uL",19
"203",8000,500,"D",57.7245660568337,5.31982851581465,0,0,2018-01-23 05:00:00,2018-02-06 05:00:00,2018-04-11 00:00:00,0,"0","0",0,74,"79","85",793333.333333333,"0",20
"204",8000,500,"E",60.3086779524423,2.55161385203405,0,0,2018-01-23 05:00:00,2018-02-09 05:00:00,2018-05-04 00:00:00,0,"0","0",0,94,"79","93",886666.666666667,"0",23
"205",8000,500,"F",0,0,5.26270715417519,0.638160236469906,2018-01-23 05:00:00,2018-02-09 05:00:00,2018-07-17 00:00:00,105,"81","82",893333.333333333,92,"85","168",1150000,"0",23
"206",8000,500,"G",57.6295205805765,3.94527887030332,5.45627424220247,0.243972858029689,2018-01-23 05:00:00,2018-02-09 05:00:00,2018-11-12 05:00:00,2,"4","1",23333.3333333333,113,"101","112",1086666.66666667,"0",23
